{
  "_format": "hh-sol-cache-2",
  "files": {
    "C:\\Users\\anton\\Desktop\\TESI\\test1\\contract\\contracts\\Greeter.sol": {
      "lastModificationDate": 1655906102333,
      "contentHash": "55fdd2a388bd0c7e1fa8e3ac017068a5",
      "sourceName": "contracts/Greeter.sol",
      "solcConfig": {
        "version": "0.8.4",
        "settings": {
          "optimizer": {
            "enabled": false,
            "runs": 200
          },
          "outputSelection": {
            "*": {
              "*": [
                "abi",
                "evm.bytecode",
                "evm.deployedBytecode",
                "evm.methodIdentifiers",
                "metadata"
              ],
              "": [
                "ast"
              ]
            }
          }
        }
      },
      "imports": [
        "hardhat/console.sol"
      ],
      "versionPragmas": [
        "^0.8.0"
      ],
      "artifacts": [
        "Greeter"
      ]
    },
    "C:\\Users\\anton\\Desktop\\TESI\\test1\\contract\\node_modules\\hardhat\\console.sol": {
      "lastModificationDate": 1653057104581,
      "contentHash": "cc4777addd464ea56fa35b1c45df0591",
      "sourceName": "hardhat/console.sol",
      "solcConfig": {
        "version": "0.8.4",
        "settings": {
          "optimizer": {
            "enabled": false,
            "runs": 200
          },
          "outputSelection": {
            "*": {
              "*": [
                "abi",
                "evm.bytecode",
                "evm.deployedBytecode",
                "evm.methodIdentifiers",
                "metadata"
              ],
              "": [
                "ast"
              ]
            }
          }
        }
      },
      "imports": [],
      "versionPragmas": [
        ">=0.4.22 <0.9.0"
      ],
      "artifacts": [
        "console"
      ]
    }
  }
}
